chi_name,eng_name,player_id
高國慶,KAO Kuo Ching,L0E0
周思齊,CHOU Szu Chi,G072
林智勝,LIN Chih Sheng (Ngayaw ‧ Ake'),A044
林益全,LIN Yi Chuan,R205
王勝偉,WANG Sheng Wei (Haro Ngayaw),R272
林泓育,LIN Hung Yu,R529
張正偉,CHANG Cheng Wei,R457
張志豪,CHANG Chih Hao,R244
潘武雄,PAN Wu Hsiung,L0G5
林智平,LIN Chih Ping,R407
陳鏞基,CHEN Yung Chi,L0K0
詹智堯,CHAN Chih Yao,z102
郭嚴文,KUO Yen Wen,R405
胡金龍,HU Chin Lung,R678
林宥穎,LIN Yu Ying,R398
余德龍,YU Te Lung,R625
陳子豪,CHEN Tzu Hao,E0J8
唐肇廷,TANG Chao Ting,R346
陳凱倫,CHEN Kai Lun,R498
陳俊秀,CHEN Chun Hsiu,R672
高國輝,KAO Kuo Hui,R400
鄧志偉,TENG Chih Wei,L0K5
方克偉,FANG Ko Wei,R253
藍寅倫,LAN Yin Lun,R595
林哲瑄,LIN Che Hsuan,R401
朱育賢,CHU Yu Hsien,H435
郭永維,KUO Yung Wei,R235
吳宗峻,WU Chung Chun,R286
黃恩賜,HUANG En Tzu,R349
蔣智賢,CHIANG Chih Hsien,R399
蘇智傑,SU Chih Chieh,H594
李宗賢,LEE Tsung Hsien,H593
黃鈞聲,HUANG Chun Sheng,R610
羅國龍,LO Guo Long,R613
詹子賢,CHAN Tzu Hsien,k453
林瑋恩,LIN Wei En,R176
林承飛,LIN Chen Fei,A0F2
陳傑憲,CHEN Chieh Hsien,H929
劉時豪,LIU Shih Hao,H372
王威晨,WANG Wei Chen,H038
高孝儀,KAO Hsiao Yi,B0I0
郭阜林,KUO Fu Lin,H407
林威廷,LIN Wei Ting,R441
許基宏,HSU Chi Hung,H230
葉竹軒,YEH Chu Hsuan,R109
高國麟,KAO Kuo Lin,H229
林立,LIN Li,k441
陳家駒,CHEN Chia Chu,E0J9
梁家榮,LIANG Chia Jung,A0D1
蘇緯達,SU Wei Ta,H017
陽耀勳,YANG Yao Hsun,SB29
林岱安,LIN Dai An,H727
吳東融,WU Tung Jung,H529
廖健富,LIAO Chien Fu,A0F7
陳品捷,CHEN Pin Chieh,H400
于森旭,YU Sen Shiu,H329
鄭鎧文,CHENG Kai Wen,H353
陳重羽,CHEN Chung Yu,k454
林旺衛,LIN Wang Wei,B0I7
范國宸,FAN Kuo Chen,k509
林書逸,LIN Shu Yi,H876
陳晨威,CHEN Chen Wei,004633
王正棠,WANG Cheng Tang,k462
申皓瑋,SHEN Hao Wei,B0J9
吳桀睿,WU Chieh Jui,H878
潘傑楷,PAN Chieh Kai,L0O6
張詠漢,CHANG Yung Han,R481
曾陶鎔,TSENG Tao Jung,H225
林祖傑,LIN Tzu Chieh,H456
楊家維,YANG Chia Wei,L0M3
林靖凱,LIN Ching Kai,004642
陳重廷,CHEN Chung Ting,k444
林安可,LIN An Ko,k429
岳東華,YUEH Tung Hua,k447
潘志芳,PAN Chih Fang,H240
郭峻偉,KUO Chun Wei,H218
陳偉漢,CHEN Wei Han,R317
江坤宇,CHIANG Kun Yu,004636
高宇杰,KAO Yu Chieh,k440
陳文杰,CHEN Wun Jie,E0M7
莊駿凱,CHUANG Chun Kai,H526
林明杰,LIN Ming Chieh,H086
嚴宏鈞,YEN Hung Chun,Z104
張志強,CHANG Chih Chiang,R665
戴培峰,DAI Pei Feng,004645
黃敬瑋,HUANG Ching Wei,A0G0
江亮緯,CHIANG Liang Wei,L0N5
石翔宇,SHIH Hsiang Yu,B0J3
辛元旭,HSIN Yuan Hsu,005496
楊岱均,YANG Tai Chun,k442
吳國豪,WU Kuo Hao,L0M4
成晉,CHENG Chin,A0F8
張進德,CHANG Chin Te,H019
楊晉豪,YANG Chin Hao,B0K3
蔡奕玄,TSAI Yi Hsuan,L0N6
張閔勛,CHANG Min Hsun,k437
張偉聖,CHANG Wei Sheng,004627
洪宸宇,HUNG Chen Yu,A0B6
馮健庭,FENG Chien Ting,H402
薛种帷,HSUEH Chung Wei,R517
邱丹,CHIU Tan,004634
吳明鴻,WU Ming Hung,k461
陳子鴻,CHEN Tzu Hong,E0M9
楊瑞承,YANG Ruei Cheng,005508
杜家明,TU Chia Ming,E0K8
柏納帝那,Roger Bernadina,005084
林焌翰,LIN Jun Han,k451
岳政華,YUEH Cheng Hua,005571
張冠廷,CHANG Kuan Ting,B0J8
赫雷拉,Rosell Herrera,006501
郭天信,KUO Tian Shin,005549
劉基鴻,LIU Ji Hong,005545
許禹壕,HSU Yu Hao,R694
紀品宏,CHI Ping Hung,H367
李凱威,LI Kai Wei,005540
張瑞麟,CHANG Jui Ling,H047
蔣少宏,JIANG Shao Hong,005291
洪瑋漢,HONG Wei Han,k449
馬傑森,MA Chieh Sen,006240
曾傳昇,TSENG Chuan Sheng,005544
姚雨翔,YAO Yu Hsiang,004640
朱祥麟,CHU Hsiang Lin,005546
陳真,CHEN Zhen,005310
施冠宇,SHIH Kuan Yu,k507
羅暐捷,LO Wei Chieh,005522
王詩聰,WANG Shih Tsung,k506
吳睿勝,WU Rui Sheng,B0J7
林子豪,LIN Tzu Hao,006223
姚冠瑋,YAO Kuan Wei,005563
柯育民,KO Yu Min,R708
黃稚峰,HUANG Chih Feng,H583
董子浩,TUNG Tzu Hao,A0E0
張煒謙,CHANG Wei Chien,A0D9
邱智呈,CHIU Chih Cheng,005531
林志洋,LIN Chih Yang,H947
林辰勳,LIN Chen Hsun,006217
牛塏曄,NIU Kai Ye,005534
全浩瑋,CHUAN Hao Wei,005532
林澤彬,LIN Ze Bin,005510
賴鴻誠,LAI Hung Cheng,R354
官大元,KUAN Ta Yuan,R139
林知譽,LIN Chih Yu,H534
許哲晏,HSU Che Yen,005306
艾銳克,Eric Wood,004771
陳琥,CHEN Hu,E0M6
莊韋恩,CHUANG Wei En,006229
張祐銘,CHANG Yu Ming,005553
王鏡銘,WANG Ching Ming,R455
陳禹勳,CHEN Yu Hsun,A0D4
傅于剛,FU Yu Kang,R463
潘威倫,PAN Wei Lun,L0C8
蔡明晋,TSAI Ming Chin,R107
陳鴻文,CHEN Hung Wen,R669
張耿豪,CHANG Keng Hao,H401
林羿豪,LIN Yi Hao,R670
林其緯,LIN Chi Wei,R269
鄭凱文,CHENG Kai Wen,R396
林晨樺,LIN Chen Hua,B0G4
林柏佑,LIN Po Yu,R394
陳韻文,CHEN Yun Wen,L0M7
江承峰,CHIANG Cheng Feng,R683
黃偉晟,HUANG Wei Cheng,R679
王躍霖,WANG Yao Lin,H510
倪福德,NI Fu Te,R081
廖文揚,LIAO Wen Yang,L0J9
邱浩鈞,CHIU Hao Chun,H108
羅力,Mike Loree,A0C0
謝榮豪,HSIEH Jung Hao,R568
林煜清,LIN Yu Ching,R414
黃子鵬,HUANG Tzu Peng,k428
王溢正,WANG I Cheng,R527
林國裕,LIN Kuo Yu,A0D2
洪聖欽,HUNG Sheng Cin,H377
江忠城,CHIANG Chung Chen,H345
彭識穎,PENG Shih Ying,H115
李振昌,LEE Chen Chang,R393
朱俊祥,CHU Chun Hsiang,A0C7
黃竣彥,HUANG Chun Yen,k460
江辰晏,CHIANG Chen Yen,L0L8
伍鐸,Bryan Woodall,E0L7
羅曼,Orlando Roman,W0E7
吳丞哲,WU Cheng Che,k431
鄭鈞仁,CHENG Chun Jen,k430
邱品睿,CHIU Pin Jui,R622
陳柏豪,CHEN Bo Hao,E0N4
劉軒荅,LIU Hsuan Ta,004637
蔡齊哲,TSAI Chi Che,E0N3
羅嘉仁,LO Chia Jen,R390
王梓安,WANG Tzu An,H507
王尉永,WANG Wei Yong,k504
林子崴,LIN Tzu Wei,L0N4
吳哲源,WU Che Yuan,H635
羅華韋,LO Hua Wei,H524
王玉譜,WANG Yu Pu,k432
蘇俊璋,SU Chun Chang,005558
吳俊偉,WU Chun Wei,004625
米吉亞,Miguel Mejia,E0J4
羅國華,LO Kuo Hua,H514
鄭佳彥,CHENG Chia Yen,H468
萊福力,Mitch Lively,004569
范玉禹,FAN Yu Yu,B0H8
施子謙,SHIH Tzu Chien,k505
林威志,LIN Wei Chih,H046
郭恆孝,KUO Hen Hsiao,L0N8
林樺慶,LIN Hua Ching,A0D7
力猛,Scott Richmond,B0J5
羅里奇,Josh Roenicke,004571
陳仕朋,CHEN Shih Peng,B0K0
王凱程,WANG Kai Cheng,E0N1
黃亦志,HUANG Yi Chih,B0J4
賴泊凱,LAI Bo Kai,R368
周磊,CHOU Lei,H467
歐書誠,OU Su Chen,004628
瑞安,Ryan Verdugo,004570
游宗儒,YU Tsung Ju,A0F4
陳明軒,CHEN Ming Hsuan,R707
楊志龍,YANG Jhih Long,H305
索沙,Henry Sosa,004770
威拉諾,Elih Villanueva,004621
張竣龍,JHANG Jyun Long,H041
翁瑋均,WENG Wei Chun,004646
葉家淇,YEH Chia Chi,A0F1
張凱倫,CHANG Kai Lun,E0L5
林政賢,LIN Cheng Hsien,B0J1
廖乙忠,LIAO Yi Chung,k436
黃恩賜,HUANG En Sih,k425
王則鈞,WANG Tse Chun,E0J7
江國豪,CHIANG Kuo Hao,005479
德保拉,José de Paula,006006
馬帝斯,Shairon Martis,K066
霸能,Lisalverto Bonilla,006011
游朝惟,YU Chao Wei,H738
卡本特,Ryan Carpenter,006004
米蘭達,Ariel Miranda,005233
江國謙,CHIANG Kuo Chien,004635
林航,LIN Hang,H223
賴智垣,LAI Chih Yuan,k426
洪心騏,HUNG Hsin Chi,L0O7
游霆崴,YU Ting Wei,B0K5
霸林爵,Ryan Bollinger,005085
吳世豪,WU Shih Hao,B0K4
蘇俊羽,SU Chun Yu,A0E9
陳育軒,CHEN Yu Hsuan,k458
吉爾,Jair Jurrjens,L0O0
張明翔,CHANG Ming Hsiang,A0F0
羅傑斯,Esmil Rogers,006005
布雷克,Brock Dykxhoorn,005731
馬丁尼茲,David Martinez,004572
林旺億,LIN Wang Yi,R616
索爾,Ryan Searle,A0F5
猛威爾,Tim Melville,006208
林逸翔,LIN Yi Hsiang,H498
邦威,Manny Bañuelos,006206
拿威,Efrain Nieves,Z108
劉昱言,LIU Yu Yen,H645
泰迪,Teddy Stankiewicz,006209
廖任磊,LIAO Jen Lei,k435
曾峻岳,TSENG Jyun Yue,006227
費爾本,Ryan Feierabend,006010
陳韋霖,CHEN Wei Lin,005307
方建德,FANG Chien Te,004639
楊彬,YANG Bin,004629
王奕凱,WANG Yi Kai,004626
田澤純一,Tazawa Junichi,006423
曼恩,Brandon Mann,006212
達尼爾,Logan Darnell,006126
吳承諭,WU Cheng Yu,005482
王志煊,WANG Chih Hsuan,006228
呂偉晟,LU Wei Cheng,005552
藍愷青,LAN Kai Ching,005284
柯德曼,Rob Cordemans,L0H8
彭璿紘,PENG Hsuan Hong,B0J2
瓦德茲,Cesar Valdez,A0F3
西爾法,Walter Silva,A054
歐飛登,Dillon Overton,006498
李其峰,LEE Chi Feng,006127
尼寇力,Justin Nicolino,006013
古林睿煬,GU LIN Ruei Yang,004638
魏碩成,WEI Shuo Cheng,005572
張喜凱,TEOH Xi Kai,005511
林子昱,LIN Tzu Yu,H952
歐耀宗,OU Yao Tsung,H022
加百利,Gabriel Ynoa,006500
洛奇,Donn Roach,006124
李建勳,LEE Chien Hsun,005561
彼得,Peter Moylan,G030
楊達翔,YANG Ta Hsiang,E0N2
萬昭清,WAN Chao Ching,A0F9
布里悍,Jake Brigham,006496
傑斯,Juan Carlos Ramírez,006298
雷艾斯,Arturo Reyes,005702
蔡明憲,TSAI Ming Hsien,005547
徐若熙,HSU Jo Hsi,005543
吳俊杰,WU Chun Chieh,k433
陳冠傑,CHEN Kuan Chieh,H527
威爾,Diegomar Markwell,G093
豪勁,Bradin Hagens,006507
奇優力,Yoanys Quiala,006214
吳蔚驊,WU Wei Hua,H447
李吳永勤,LI WU Yung Qin,E0M8
劉家愷,LIU Chia Kai,B0K1
姚杰宏,YAO Chieh Hung,005282
王維中,WANG Wei Chung,H724
鋼龍,Drew Gagnon,006497
李慶隆,LI Cing Long,006219
莊昕諺,CHUANG Hsin Yen,005509
張泰山,Ati ‧ Masaw,D047
彭政閔,PENG Cheng Min,E0C1
黃忠義,HUANG Chung Yi,B017
葉君璋,YEH Chun Chang,D037
羅敏卿,LO Min Ching,L009
鄭兆行,Arang Karo,B083
王傳家,WANG Chuen Chia,B028
陳連宏,CHEN Lien Hung,W055
劉芙豪,LIU Fu Hao,L0D8
張建銘,CHANG Chien Ming,B0B3
陳政賢,CHEN Cheng Hsien,L037
鄭達鴻,CHENG Da Hung,B0B9
高志綱,KAO Chih Kang,L0E9
陳懷山,NA,E041
陳瑞振,CHEN Jui Chen,E075
陳江和,CHEN Chiang Ho,R007
林仲秋,LIN Chung Chiu,T006
王光輝,WANG Guang Hui,E026
楊松弦,YANG Sun Hsuan,W048
陳瑞昌,CHEN Jui Chang,E000
黃甘霖,HUANG Kan Lin,L087
林易增,LIN I Tseng,E004
石志偉,SHIH Chih Wei,A032
黃泰龍,NA,G073
曾智偵,TSENG Chih Chen,L022
陳金茂,CHEN Chin Mou,D055
鍾承祐,CHUNG Chen Yu,R367
黃煚隆,HUANG Chiung Lung,D008
郭岱琦,Kanas,L0E7
林鴻遠,LIN Hong Yuan,W000
陳琦豐,CHEN Chi Feng,E020
李居明,LEE Chu Ming,E033
許聖杰,HSU Sheng Chieh,D076
蔡建偉,TSAI Jian Wei,A039
曾華偉,ZENG Hua Wei,B086
陳冠任,CHEN Kuan Jen,R011
張家浩,CHANG Chia Hao,B087
陳金鋒,CHEN Chin Feng,A063
林宗男,LIN Tsung Nan,R006
羅國璋,LO Kuo Chang,L013
蘇建榮,SU Chien Jung,B0D1
曾豪駒,TSENG Hao Ju,A040
蔡豐安,TSAI Feng An,T067
張文宗,CHANG Wen Chung,B045
王金勇,WANG Jin Yong,E0B7
蔡昆祥,NA,D067
闕樹木,NA,W007
馮勝賢,FENG Sheng Xian,E0B5
黃龍義,HUANG Long Yi,A015
陳文賓,CHEN Wen Bin,L014
宋榮泰,SUNG Yung Tai,L019
吳佳榮,WU Chia Jung,L0A3
林志祥,LIN Chih Hsiang,R600
謝佳賢,HSIEH Chia Shian,G010
余賢明,YU Hsien Ming,B0C0
童琮輝,NA,T004
黃浩然,HUANG Hao Jan,R017
孫昭立,NA,D007
洪正欽,HONG Cheng Chin,D016
鄭昌明,CHENG Chang Ming,W080
王宸浩,WANG Kuang Hao,W006
潘忠韋,PAN Zhong Wei,A011
洪一中,HONG I Chung,E002
許國隆,HSU Guo Long,B0B7
羅世幸,LUO Shi Xing,D005
黃貴裕,NA,W058
陳致遠,CHEN Chih Yuan,E0C4
陳峰民,CHEN Feng Min,A006
吳昭輝,NA,L088
郭建霖,KUO Chien Lin,D003
耿健輝,NA,L012
林明憲,LIN Ming Hsien,E0A4
徐整當,NA,T033
鄭百勝,NA,L001
王信民,WANG Hsin Min,W0B5
郭一峰,KUO Yi Feng,D089
紀俊麟,CHI Chun Lin,W084
陳健偉,CHEN Chien Wie,W077
陳智弘,CHEN Chih Hung,E0E6
陽森,YANG Sen,L0D9
李安熙,NA,D009
張民諺,NA,A033
鄧蒔陽,TENG Shi Yang,G050
呂文生,LU Wen Sheng,L005
鷹俠,Luis Iglesias,T028
石金受,NA,W050
羅松永,NA,B077
吳復連,WU Fu Lien,E005
陽東益,YANG Tung Yi,L0D7
陳彥成,NA,E036
王俊郎,WANG Jun Lang,B009
陳該發,CHEN Kai Fa,T003
林岳亮,NA,T064
陳志偉,CHEN Chih Wei,B0D0
洪啟峰,NA,W025
李坤哲,NA,L003
陳宗甫,NA,B078
吳思賢,NA,B003
陳大順,NA,D066
邱企彬,NA,W053
許錫華,NA,T036
柯建鋒,NA,L0A2
吳林煉,NA,L023
賴崇光,NA,L002
林琨瀚,LIN Kun Han,T005
何良志,NA,T022
李志傑,NA,E0B9
朱鴻森,CHU Hung Sen,E0C9
林百亨,NA,E044
張天麟,NA,B023
林克,Francisco Laureano,L007
郭岱詠,NA,W093
白昆弘,PAI Kun Hong,B022
陳正中,NA,T035
郭俊佑,KUO Chun Yu,R262
蔡生豐,NA,T025
廖敏雄,LIAO Ming Hsiung,C018
曾貴章,NA,C006
呂明賜,LU Ming Tsu,D001
張建勳,NA,B004
呂俊雄,NA,A013
曾漢州,NA,W089
朱元勤,CHU Yuen Chin,R337
高政華,KAO Cheng Hua,L0B3
許誌為,NA,E0A5
康雷,Angel Gonzalez,T012
楊睿智,NA,G023
丘昌榮,CHIU Chang Jung,G016
陳雁風,CHEN Yen Feng,R530
吳哲宗,NA,B026
王宜民,NA,W0A6
余進德,NA,B0B0
帝波,Tiburcio Domingo,E019
藍少白,LAN Shao Bai,R301
王柏融,WANG Po Jung,H044
侯明坤,NA,T007
褚志遠,NA,C033
張協進,NA,B032
蔣坤珄,NA,T029
哥雅,Leonardo Garcia,T031
何献凡,NA,W036
周廣勝,CHOU Kuang Sheng,R335
王子菘,NA,L0D4
張耀騰,NA,B010
陳威成,NA,B006
闕壯鎮,NA,W051
郭銘仁,NA,G063
陳嘉宏,NA,W0A8
威納斯,Wilton Veras,G066
李聰富,NA,C019
陳執信,NA,C020
胡長豪,NA,W035
曾揚志,NA,L0B7
鄭幸生,NA,T032
喬治,George Hinshaw,C032
江泰權,NA,L021
葛雷諾,Epifanio Guerrero,E028
林振賢,LIN Chen Hsien,T001
施金典,SHIH Chin Tien,L0F3
劉育辰,LIU Yu Chen,R412
黃世明,NA,E012
王光熙,NA,C005
鄧耀華,NA,T015
黃正偉,NA,R010
古勝吉,NA,C025
周森毅,NA,L064
莊景賀,CHUANG Ching He,G003
卡羅,Juan Castillo,L008
劉耿欣,LIU Keng Shin,R020
黃俊傑,NA,C089
陳威志,CHEN Wei Chih,W073
吳俊達,NA,E001
德伍,Robert Wood,E066
余富誠,NA,L006
林光中,NA,D010
陳克帆,NA,G057
汪俊良,NA,L032
坎沙諾,Campusano Silvestre,D045
周德賢,NA,T038
陽冠威,NA,R680
路易士,Luis Santos,E023
凃壯勳,TU Chuang Hsun,R018
許閔嵐,NA,E0B8
許峰賓,HSU Feng Pin,R028
黃鈞瑜,NA,W012
陳元甲,NA,G056
賀亮德,Cesar Hernandez,L047
陳俊輝,CHEN Chun Huei,L0F5
黃高俊,NA,G017
蔣智聰,NA,R077
張正憲,NA,C037
高健龍,NA,B088
高瑋,NA,G076
陳致鵬,NA,G077
簡富智,NA,R117
郭健瑜,NA,R410
沈俊忠,NA,B001
克魯茲,Hector Dela,E015
葉長龍,NA,W0A9
林怡宏,NA,T068
林威助,LIN Wei Chu,E0K0
涂忠男,NA,B002
吳英偉,NA,E032
高正偉,NA,L083
廖述仁,NA,D054
大帝士,Bernardo Tatis,D012
劉家豪,LIU Chia Hao,R069
布雷,Tilson Brito,L0H6
陳俊和,NA,D022
陳炳男,NA,D065
李文傳,NA,E025
曾揚岳,NA,B097
艾勃,Harper Milton,D044
黃自強,NA,T000
鄭景益,NA,G011
藍文成,NA,T026
楊進雄,NA,B0A7
洪德芳,NA,E079
高俊強,NA,R024
鄭乃文,NA,R008
董永興,NA,E051
施昭同,NA,B090
買嘉儀,MAI Chia I,R340
石彥緯,NA,A059
吳承翰,NA,G019
蘇煒智,NA,L0A5
羅曼,Miguel Roman,L010
邱麒璋,NA,E059
法蘭克,Manuel Francois,D038
馬斯,Mathis Huff,D035
黃清文,NA,D033
羅偉,Hector Roa,L060
張家豪,NA,B038
潘瑞雄,NA,W018
武建州,NA,D080
拉飛力,Rafaelito Mercedez,W008
張家源,NA,L0F4
楊章鑫,NA,C003
蔡明覺,NA,R576
勃朗,Darrell Brown,E011
凱斯,Patrick Smith,D039
周正雄,NA,W076
謝炫任,NA,R493
謝奇勳,NA,C027
郭昌庭,NA,A012
鄭文賢,NA,D063
黃小偉,NA,A056
吉彌,Jim Ward,D004
林義翔,NA,G012
愛快,Brian Giles,C029
林政億,LIN Cheng I,R599
王峻杰,WANG Chun Chieh,R681
郭修延,NA,R206
楊煜堂,NA,W023
安收多,James Maurer,B067
陳宗男,NA,B059
詹姆士,James Bishop,B042
游宗龍,NA,T011
王俊文,NA,A008
怪力男,Jay Kirkpatrick,B065
孫家濬,NA,T051
蔡昱詳,TSAI Yu Hsiang,A010
麥克,Michael Bosco,B000
黃信福,NA,L0C1
李義偉,NA,R258
林建宏,NA,A029
陳昭穎,NA,A007
陳家偉,NA,L0F6
羅強,Ronald Jones,B036
許堯淵,NA,A018
方昶詠,NA,R579
陳威儒,NA,R501
陳柏丞,NA,R298
曾家賢,NA,R023
柯良宗,NA,G008
陳永哲,NA,R022
帝多,Juan Bell,B050
卡內基,Brian Cornelius,T0A2
李育儒,NA,R418
吳俊賢,NA,C008
林馴偉,NA,E0E3
黃智培,NA,R350
蔡宗佑,NA,R058
邱敏舜,NA,B0A5
林正偉,NA,E071
喬坎那,George Canale,D072
卡洛斯,Carlos Villalobos,W0F3
呂嘉明,NA,T066
許人介,NA,R182
孫長川,NA,L016
耐克,Jim Negrych,E0K4
陳慶國,NA,C000
翁再生,NA,R001
陳保宏,NA,G020
陳俊智,NA,T014
丹尼歐,Denio Gonzalez,C040
施翔凱,NA,G058
泰甘力,Telmanch Gainey,W069
王聖徹,NA,W045
劉忠岳,NA,B075
許志豪,NA,G007
羅得,Fredinand Rodriguez,L070
克龍,Cristobal Martinez,T072
吉見宏明,Yoshimi Hiroaki,L0D1
祈美力,Joel Chimelis,E065
開農,Sergio Cairo,B041
邱俊文,NA,W0D2
百樂,Juan Parra,W044
楊福群,NA,T057
張淯虎,NA,R497
瑞克,Rick Bernardo,L050
張瑋,NA,E061
馬丁,Mariano Martinez,C036
吳柏宏,NA,R080
楊博壬,NA,R004
陳建村,NA,E074
林津平,NA,R038
王崇耀,NA,B074
霸多,Alberto Pardo,T009
孟雷,Jose Moreno,T039
馬修,Marshall McDougall,L0J4
張琮貴,NA,G013
尤伸評,NA,C022
蔡友達,NA,B0I5
朱偉銘,CHU Wei Ming,R222
朋馳,Guillermo Mercedes,E098
亞力士,Alexander Cabrera,W038
布雷特,Scott Bullett,L086
郭博承,NA,W064
楊宗範,NA,R423
林聖凱,NA,R036
奧力偉,Jose Oliva,E067
王建強,NA,A052
楊啟鑫,NA,W040
羅德里茲,Victor A Rodriguez,A051
吳家輝,NA,R274
陳世峰,NA,G009
陳弘桂,CHEN Hung Kuei,E0I8
努那,Dario Nunez,E022
任志偉,NA,D090
潘志強,NA,W030
卡斯提,Jose Castillo,L0J3
神真水,Bertram Heffernan,B056
路易,Luis Ugueto,L0G8
黃政琦,NA,W0F4
立花義家,Tachibana Yoshie,B066
雷歐斯,Eduardo Rios,L090
霸漢,Gary Burnham,A090
林錦章,NA,R260
林家緯,NA,R068
陳耿佑,NA,L029
傑恩,Juan Guerrero,C058
路易,Luis Perez,C014
楊承駿,NA,R318
羅倫,Lorenzo Delacruz,L0A1
方玄宗,NA,R316
卡瑞拉,Francisco Cabrera,C060
吳修帆,NA,W0C0
馬力歐,Mario Encarnacion,G068
林椲紘,NA,R534
鈴木俊雄,Suzuki Toshio,D053
鍾家寶,NA,R086
林永坤,NA,R079
洛可,Mike Lockwood,W0D9
謝明宗,NA,R420
曾鏡峰,NA,R026
葉成龍,NA,A009
魯賓,Ruben Santana,C061
邱新勇,NA,A014
湯姆,Thomas Brice,G085
吳柏勳,NA,E093
愛力生,Emison Soto,T071
李家駒,NA,R293
汪竣泰,NA,R132
拿破崙,Napoleon Calzado,G0A2
大德,Todd Michael,E081
徐睿擇,NA,R564
康哲瑋,NA,R224
唐尼,Luis Rodriguez,L0A0
松井隆昌,Matsui Takamasa,L085
陳柏勳,NA,G014
林建良,NA,G015
姚百川,NA,E035
查維,Pedro Chavez,E003
吳聲武,NA,E034
邦尼,Bernard Walker,B024
羅利,Victor Rosario,T053
林宗毅,NA,L0C2
黃志祥,NA,E0H1
百漢,Baham Anthony,T016
翁克堯,NA,R590
林冠仲,NA,R114
彭裕國,NA,E043
黃文明,NA,B015
亨利,Henry Mateo,L0J7
貝克,Brian Becker,W0E1
馬丁尼,Gabriel Martinez,T0B2
鄞明村,NA,G018
曼尼,Manny Ramírez,B0G8
希斯,Cecil Espy,B005
酷力士,Jacob Cruz,A099
貝茲,Todd Betts,A066
賈西亞,Amaury Garcia,G080
王世驊,NA,B0B5
米樂,Orlando Miller,W082
喬峰,Joe Hall,L089
陳皓然,CHEN Hao Jan,R133
考菲,Ivanon Coffie,G090
王俊仁,NA,W0C7
魔拉,Melvin Mora,T088
蓋達,Israel Alcantara,L0F1
奇威,Kevin Castle,B061
威力強,Brian Traxler,W009
徐育澄,HSU Yu Chen,R621
強尼,Johnny Monnell,E057
羅尼,Marrero Vazquel,B079
沈福仁,NA,R268
劉裕安,NA,R422
林王啟瑋,NA,R324
阿洛瑪,George Alvarez,E039
李以寶,NA,A017
亞伯汗,Abraham Nunez,W0F6
周惠盛,NA,E024
威勒,William Svevo,D041
宇招任,NA,R369
張育保,NA,R041
藍迪,Randolph Kapano,L098
羅漢,Ramon Caraballo,L079
來旺,Cesar Bernardo,L025
陳志明,NA,A016
佩卓,Jaime Pedroza,E0L0
百吉,Steve Apegues,T0A8
巧克力,Charles Lee,T093
偉恩,Luis Baven,T089
紀榮家,NA,R265
展龍,Roberto Guerra,W024
艾克特,Troy Afenir,W003
林克,Darryl Brinkley,L0G1
力歐,Jose Leon,G100
蔡青峰,NA,L095
里迪,Alex Liddi,004849
大衛,David Tokhgeim,T076
山姆,Scott Samuels,L0A8
威力斯,Willis Otanez,G043
東尼,Antonio Alvarez,E0G1
蔡士凡,NA,A020
鐵布衫,Luis Torruellas,B049
尼爾森,Nelson Castro,W0C3
林育鴻,NA,R232
王志榮,NA,R040
田顯明,NA,E0E7
葉高立,NA,B069
楊博超,NA,R002
安固,Andujar Cedeno,L081
阿布多,Carlos Rivera,E0G8
威格,Hector Villanueva,C057
辣銳,Larry See,C030
剛力士,Raul Gonzalez,A086
迪歐,Dionys Cesar,W0C9
黃淯暟,NA,R602
霸茲,Robert Bozied,E0H3
王保文,NA,C066
麥海奇,Michael Hickey,B048
猛德拉,NA,A0C9
陳宗宏,NA,R275
楊展旭,NA,R227
胡仁偉,NA,G0A0
愛迪生,Eninson Renterin,E049
多力士,Luis Hernandez,D085
翔鷹,Jackie Gutierrez,C013
陳昭銘,NA,B068
歐斯納,Rafael Ozuna,A021
偉力,Eduardo Zambrano,T070
亞士達,Osmani Estrada,G031
堡吉,Paul Torres,T0A6
蔡森夫,NA,R357
周聖訓,NA,E0K7
陳谷源,NA,E076
藤本博史,Fujimoto Hiroshi,W0E6
寶力,Julio Paula,T055
呂祐華,NA,R276
王勇熙,NA,R090
約瑟,Jose Monoz,E094
豪威,Patrick Howell,E085
李明勳,NA,D081
豪立業,Julian Yan,W042
王志偉,NA,T0B5
汪天祥,NA,G046
豪壯,Sean Mulligan,T092
陳意忠,NA,R087
郭彥柏,NA,L082
湯登凱,NA,G024
巴威特,Carlos Sievers,D0A3
陳麒元,NA,W095
魔力歐,Ceasar Marillo,T0A4
蕭雲東,NA,D091
揚戈,Delwyn Young,T048
黃光永,NA,R138
克里斯多福,Michael Cervenak,L0L4
阿諾,Tim Reynolds,C035
索沙,Juan Sosa,W0A2
美樂,Juan Melo,W098
強斯,Robert Chance,T083
華盛頓,Rico Washington,L0J1
湯興佐,Thomas Hinzo,D051
達特,Kevin Datolla,T059
羅克,Raul Rodarte,L0B2
利多,Andres Santana,L024
米奇,Domingo Michel,L015
布魯諾,Juilo Bruno,D092
麥雷諾,Mike Guerrero,D046
朴仁球,NA,B043
戈登,Nate Gold,A094
查理,Charles Peterson,W0C6
卡亞力,Manny Garcia,W070
江仲豪,NA,E029
蕭浚濠,NA,D006
凡托,Mike Vento,B0E4
高登,Kaith Gordon,T077
許躍騰,HSU Yueh Teng,R351
蘇袁億,NA,R283
卜連登,Patrick Bryant,L091
野野垣武,Nonogaki Takeshi,G025
黃廣琪,NA,E009
力克強,Kevin Riggs,W005
林偉,LIN Wei,R339
柏頓,Rudy Pemberton,G083
克拉克,Tim Clark,D087
李那瑞,Donell Linares Benitez,B0I1
雷恩斯,Tim Raines Jr.,A097
沈亞倫,NA,A046
杉山直樹,Sugiyama Naoki,W092
陳敏賜,NA,R359
萬德祥,NA,R076
鄭漢禮,NA,E0C5
雷蒙,Tauarez Ramon,C038
歐峻男,NA,B060
雷蒙力,Reymond Nunez,W068
岡薩力士,Jesus Gonzalez,W056
浮士德,Fausto Cruz,W037
馬丁,Jose Olmeda,T0B7
米西亞,Roberto Mejia,G044
葉泳麟,NA,B070
潘忠勳,NA,T0B4
李振男,NA,R271
藍少文,NA,R251
尼爾森,Bryant Nelson,L0H2
賓漢,Bienvenido Figueroa,L054
魔拉,Francisco Morales,G051
陳俊義,NA,E0B4
馮文龍,NA,D082
林俊賢,NA,D017
千代丸亮彦,Chiyomaru Akihiko,C054
許傳誠,NA,A050
皮諾,Rolando Pino,L069
陽介仁,NA,D015
曹清來,NA,T046
羅少鈞,NA,R130
桑坦那,Pedro Santana,G059
飛力,Felix Perdomo,C053
古茲曼,Jorge Guzman,B0G1
安生,Fred Anson,B0A1
王湘嵐,NA,R231
徐育鉉,NA,L057
蒲慶哲,NA,E0B6
笹川隆,Sakagawa Takashi,W097
羅維,Gilberto Rotes,T054
何信賢,NA,R531
巴斯,Jason Bass,L0H4
狄亞士,Diaz Remigio,L0B1
賈西亞,Omar Garcia,G054
羅培茲,Felipe Lopez,E0K1
彭政欣,NA,E0D4
馬帝那,Rodney Medina,W0E4
劉明吉,NA,W041
郝犀力,Jose Garcia,W028
偉來,Jose Viera,T098
江怡德,NA,T090
陳光輝,NA,T081
李國生,NA,R567
日耳曼,Leyva German,L0A9
羅培茲,Jose Lopez,D0A2
趙子傑,NA,C067
查力士,Pena Charles,C026
卓琨原,NA,C023
李軾揚,NA,W0A7
葛來克,Graig Worthington,W046
徐政斌,NA,R696
王寶篁,NA,R618
潘瑞勳,NA,R094
洪榮宏,NA,R084
葉高泉,NA,L0C3
戴于程,NA,E073
盧詩清,NA,D0A8
史塔克,Matthew Stark,D020
湯尼,Tony Metoyer,B012
霸龍,Kit Pellow,A088
卡猛士,Midre Cummings,A069
金百力,Kimothy Batiste,W049
龔雷,Mauricio Gonzalez,W032
貝克,Brian Grebeck,T095
飛力士,Felix Pie,L0O2
李錦華,NA,L0A6
賀德,Daniel Held,L0A4
曾信誠,NA,L030
卡巴傑洛,Jose Caballero,G035
陳逸松,NA,E006
羅貝托,Roberto Ramir,D096
卜南波,NA,C068
美樂黑,Jose Gonzales,C028
劉炳宣,Ryu Byeong Sun,B031
艾弗勒斯,Rafael Alvarez,A036
李祖岑,NA,R495
杜福明,NA,L020
艾德,Edger Alfonzo,E080
大威,David Matthew,D062
伯納德,Bernardo Brito,C051
祕雷,Garrick Millay,C010
凱文,Kevin Thomas,B021
詹姆士,Jim Deschaine,W0D7
沈鈺傑,SHEN Yu Jie,W0B9
黃武雄,NA,T027
劉義傳,NA,T019
許智強,NA,R043
吳俊華,NA,L065
蔡益民,NA,H153
郭建成,KUO Chien Cheng,C016
金子勝裕,Kaneko Katsuhiro,B011
馬丁,Anthony Martins,A022
喬比,Clybe Claypough Jr,T0B0
湯瑪仕,Keith Thomas,T0A5
張竣凱,CHANG Chun Kai,R691
江子健,NA,R620
溫元川,NA,R608
張政憲,NA,R421
胡進夫,NA,R039
張志強,NA,L0D6
陳勤宗,NA,H247
艾力士,Alex Nunez,G0A1
納瓦,Lipso Nava,G049
豐偌暉,NA,G004
雷克,Gregg Ritchie,E052
陳義信,CHEN Yi Hsin,E017
席古拉,Jose Segura,D042
多情,David Turgeon,C011
邱啟成,NA,C007
威鯨,Steve Watkins,W0F5
曾孟承,NA,W0B6
李維拉,Bienvenido Rivera,W034
范迪拉,Cipriano Ventura,W027
林禮雄,NA,T082
康明杉,KANG Ming Shan,T023
巧福,Meji Emilio,T020
林憲章,NA,R697
郭泓志,KUO Hung Chih,R675
羅國禎,NA,R633
黃中辰,NA,R521
李冠緯,NA,R261
許銘倢,HSU Ming Jie,R228
王鵬齊,NA,R042
林正豐,LIN Cheng Feng,R016
費古洛,Nelson Figueroa,L0I2
喬伊,Joe Davenport,L0C4
曾翊誠,TSENG Yi Cheng,L0B5
姜財明,NA,L041
曹竣崵,TSAO Chun Yang,L026
謝長亨,HSIEH Chang Heng,L017
張士凱,NA,E0A6
吳俊億,WU Chun Yi,E060
巴比諾,Balvino Galvez,E047
派瑞,Valerio Perez,E021
陳憲章,NA,E007
林光宏,NA,D026
黃平洋,HUANG Ping Yang,D023
黃嘉育,NA,D011
蔡明宏,TSAI Ming Hung,C039
矢野和哉,Yano Kazuyo,C001
高建三,KAO Chien San,W001
林岳平,LIN Yueh Ping,L0E8
林朝煌,NA,B034
李風華,NA,A001
勇壯,Osvaldo Martinez,B046
王勁力,NA,E096
翁豐堉,NA,T018
陽建福,YANG Chien Fu,B0A6
李明進,LEE Ming Chin,G002
余文彬,YU Wen Ping,B0A4
柳裕展,LIU Yu Chan,W060
蕭任汶,HSIAO Jen Wen,E088
郭勇志,KUO Ying Chi,B094
黃欽智,HUANG Chin Chih,G001
凱撒,Michael Garcia,D060
林英傑,LIN Ying Chieh,G040
高龍偉,KAO Lung Wei,B076
許文雄,HSU Wen Hsiung,A002
賴有亮,NA,B035
林克謙,LIN Ko Chien,R356
何紀賢,HO Chi Hsien,W057
郭進興,KUO Chin Hsing,L031
鄭承浩,Kacaw ‧ Kaniw,A0B1
鄭錡鴻,CHENG Chi Hung,E0I2
謝承勳,HSIEN Cheng Hsun,W059
耿伯軒,KENG Po Hsuan,A095
徐余偉,XU Yu Wei,A037
葉詠捷,YE Yong Jie,R034
陳煥揚,NA,R049
戴龍水,NA,T094
沈柏蒼,SHEN Po Chang,L0C5
吳俊良,WU Chun Liang,L004
牛沙勒,Julio Solano,D030
蔡士勤,TSAI Shih Chin,G000
風神,Jonathan Hurst,T097
羅國華,NA,R575
陳明德,NA,T047
朱尉銘,CHU Wei Ming,W0C5
邱子愷,CHIU Tzu Kai,R403
涂鴻欽,TU Hung Chin,T017
葉丁仁,YEH Ting Jen,E0F5
莊瑋全,NA,E0D5
林家瑋,LIN Chia Wei,R598
許志華,HSU Zhi Hua,A048
黃勝雄,HUANG Sheng Hsiung,H307
雷猛,Donald Lemon,L062
瑞奇,Enrique Burgos,L018
郭李建夫,KUO LEE Chien Fu,W029
吳保賢,WU Pao Hsien,E0D8
楓康,Mark Kiefer,B047
陳揚凱,NA,L0B6
楊騏嘉,NA,G005
柏格,John Burgos,T0A0
潘俊榮,PAN Chun Jung,R052
李瑋華,LEE Wei Hua,R044
庫倫,Ryan Cullen,E0H5
蓋瑞,Gabriel Ozura,D061
林敬民,LIN Ching Min,R063
杜章偉,TU Chang Wei,W0C1
黃文博,HUANG Wen Po,D049
王豐鑫,WANG Feng Shin,R047
張見發,NA,D029
劉文貿,NA,E072
蔡仲南,TSAI Chung Nan,B098
蔡英峰,TSAI Ying Feng,R030
達威,Dario Veras,W0A1
史東,Joseph Strong,D027
陳子生,NA,R123
瓊茲,Alfornia Jones,E031
百力,Brandy Vann,L035
林彥峰,LIN Yen Feng,B0G5
廖俊銘,LIAO Jun Ming,B029
利多,Lino Rivera,T069
宋肇基,SUNG Chao Chi,W061
湯瑪仕,Brad Thomas,E0J1
王漢,Jose Nunez,L027
增菘瑋,TSENG Sung Wei,E0I3
梁如豪,NA,A000
黃俊中,HUANG Chun Chung,A062
羅魁,Urbano Lugo,T008
謝佳訓,NA,L011
王國進,NA,W0A3
李居冠,NA,R395
買嘉瑞,MAI Chia Rui,R151
中込伸,Nakagomi Sin,E0C8
魔銳,Ramon Morel,B0A2
黃清境,HUANG Qing Jing,W026
張賢智,CHANG Xian Zhi,R000
顏淳浩,YEN Chun Hao,L0F7
杜寅傑,NA,B0C6
李維,Carlos Rivera,C050
銳,Ken Ray,A0A4
剛雷,Alfredo Gonzalez,B0D2
黃杉楹,NA,B019
羅健銘,NA,W0A4
蔡重光,NA,C065
強龍,José Canó,L039
布萊恩,Brian Draham,L075
林恩宇,LIN En Yu,G069
戰玉飛,Lenin Picota,T099
蕭一傑,HSIAO Yi Jie,B0H9
吳政憲,NA,R361
張永昌,NA,E030
林琨瑋,NA,D013
廖于誠,LIAO Yu Cheng,E0E2
吳偲佑,WU Szu Yu,A042
李逸楠,NA,W031
丹尼,Danilo Gonzales,C056
威爾,William Flynt,B027
布魯斯,Bruce Billings,L0O1
陳家鴻,NA,G075
麥特,Matt Perisho,E0G9
江柏青,NA,L0G4
陳志誠,NA,G021
劉俊男,NA,E0D9
漢銳,Dwayne Henry,D073
飛勇,Jeffery Louis Andra,B0A3
奧古斯都,Donald August,B020
飛鵬,Jermaine van Buren,A091
捷猛士,James Wray,C077
蔡璟豪,TSAI Ching Hao,R289
羅薩,Maximo Rosa,L0B4
真田裕貴,Sanada Hiroki,E0J5
正田樹,Shoda Itsuki,B0E9
貝力,Cory Bailey,A034
許竹見,HSU Chu Chien,G039
羅飛,Rafael Montalvo,D048
菲力普,Felipe Castillo,D036
李國慶,NA,B0B8
楊仁明,NA,B099
尼克斯,Michael Nix,L0P1
希克,Andrew Sisco,B0G9
陶德,Todd Renving,D078
鍾凱力,Calvin Jones,W052
賽格威,Zack Segovia,L0N3
許銘傑,HSU Ming Jie,A0D3
馬漢,Marcos Vazquez,L046
風情,Timothy Fortugno,B063
羅政龍,LO Cheng Lung,R242
黃宏任,HUANG Hong Ren,R220
中山裕章,Nakayama Hiroaki,W086
得力旺,Jose Leon,C055
麥格倫,Jim Magrane,E0H8
大羅曼,Jose Roman,E016
李金木,NA,R413
東鈮,Tajima Toshio,E064
勞勃,Robert Wishnevski,E056
郭勝安,KUO Sheng An,A0D5
陳逸宸,NA,R533
鄭博壬,CHENG Po Jen,R065
黃裕登,NA,C015
勞力士,Lorenzo Barcelo,W0E8
曾秉緯,NA,E0H7
羽根川竜,Hanekawa Ryu,E097
賈西,Longo Garlia,D021
郭駿傑,NA,R597
克力士,Chris Bennett,E099
郭建宏,NA,W0E9
凱文,Kevin Henthorne,W002
郭源治,KUO Yuen Chih,L066
藍斯佛,Jared Lansford,A0E2
謝長融,NA,R326
邦勝,Boof Bonser,L0M0
馬力安,Mariano Santos,C046
法西斯,Fransico Martines,B054
吳世賢,NA,T065
班固,Omar Bencomo,T060
小林亮寛,Kobayashi Ryokan,E0G6
馬力歐,Mario Brito,E038
艾迪頓,Nick Additon,E0M0
張誌家,CHANG Chih Chia,R392
華納,Warner Madrigal,L0M9
威廉,Jerome Williams,L0J5
羅仁成,NA,B095
米克,Travis Minix,G089
横田久則,Yokota Hisanori,E0D0
多力,Freddie Toliver,D031
栗田雄介,Kurita Yusuke,B0D9
鄧肯,Calvin Duncan,E008
史博威,Zeke Spruill,A0F6
雷克斯,Aaron Rakers,A093
道恩斯,Darin Downs,L0O5
荷西,Jose Garcia,E0A2
達瑞,Dario Perez,D052
郭文凱,NA,R236
卡斯帝,Carlos Castillo,G099
肯恩,Bruce Kern,E0M5
泰德,Todd Moser,E0G2
馬來寶,Carlos Mirabal,W033
達利,Darley Ned,W016
曾嘉敏,TSENG Chia Min,R153
喬伊,Joey Dawley,E0F1
海克曼,Luther Hackman,L0I7
阿波羅,Jose Alberro,L0E4
葉克多,Hector Wagner,L038
顏子堯,NA,W088
將生,Dane Johnson,T045
阿坡里那,Apolinar Garcia,L036
養父鉄,Yofu Tetsu,E0C2
高津臣吾,Takatsu Shingo,B0F4
黃榮義,HUANG Rong Yi,R160
馬丁尼,Jose Martinez,C045
歐力士,Otis Green,W011
李濠任,NA,R325
強納森,Jon Leicester,L0K7
廖照鎔,NA,L028
洪佩臻,NA,D000
高力歐,Claudio Galva,A030
帝傑,Jose Jesus,T063
黃佳明,NA,R370
尼洛,Ravelo Manzanillo,E018
史考特,Scott May,D002
馬雅,James Myers,B072
萊特,Christopher Wright,A043
許志昌,NA,A031
蘇哲毅,NA,W0D8
吉龍,Emiliano Giron,W0B3
黃柏揚,HUANG Po Yang,R449
安迪,Andrew Carter,L080
來加,Chris Nyguard,B044
吉福,Jeffrey Matulevich,T0A7
班尼歐,Jose Espinal,L0G2
威力烈,Luis Villarreal,A0A6
羅錦龍,LO Ching Lung,R676
郭耀文,NA,B085
黑金光,Jose Soreano,B052
成田幸洋,Norita Yukihiro,B033
路易士,Rommie Lewis,AOD2
雷鵬,Kenny Rayborn,A065
王建勛,NA,R427
費南德茲,Maneul Hernandez,E046
麥特,Matthew Turner,D094
勇豐年,Brian Warren,W013
費南度,Fernando Figueroa,T073
剛烈,Julian Gozales,T002
馬力,Sangilbert Mario,C047
克提茲,Jorge Cortez,B0C5
威森,Wilson Heredia,B093
凱爾,Robert Kell,B071
強森,Mike Johnson,A089
馬力龍,Angel Moreno,L055
泰勒,Tyler Lumsden,E0I5
柴克,Zachary Hammes,B0H0
井場友和,Iba Tomokazu,B0D8
韓禧敏,NA,B013
凱文,Kevin Tolar,W0F2
盧劭禹,NA,R462
童健勝,NA,L033
林文城,NA,E027
盧銘銓,NA,B0C7
李茲,Radhames Liz,004821
簡嘉佑,NA,H085
威格斯,Felix Villegas,G084
野中尊制,Nonaka Tetsuhiru,B014
胡立安,Julian Heredia,W004
武侯,Anazario Araujo,T040
賴俊男,NA,R195
巴雷納,Juilo Valera,L099
克萊柏,Kleber Ojima,G041
斉藤肇,Saito Hajime,E0C3
金砂掌,Jody Treadwell,B062
迪薩猛,Matt DeSalvo,A0B8
葉賢文,NA,A003
姜建銘,CHIANG Chien Ming,R391
福瑞多,Alfredo Figaro,L0O8
阿里,Bessam Ali,L068
羅一歐,Royal Clayton,E054
拉斐爾,Rafael Pina,D079
狄姆,Timothy Meeks,D032
力飛諾,Delfino Mejia,C062
力拔山,Alvin Brown,B064
德本,Joseph Durbin,A0C5
悍猛,Steve Hammond,A0A9
吳明旭,NA,R682
石孝榮,NA,R573
許文錚,NA,R570
陳建輔,NA,R050
鎌田祐哉,Kamada Yuya,L0K8
羅伯特,Daniel Reichert,L0K1
彼得,Pete Munro,L0H9
米力威,Rene Miniel,G070
魔力,Robert Morey,E0M2
偉克,Esmerling Vasquez,B0I2
銳斯,Gary Rath,A076
多明哥,Domingo Guzman,W083
蔡萬霖,NA,R504
李金龍,NA,R352
坎諾,Luis Vizcaino,L0M1
馬奇,Daniel Magee,L097
卡洛索,Engene Caruso,E084
戴瑞,Darrell Ackerfelds,D058
何南德,Gabriel Hernandez,B0I9
賈西亞,Freddy Garcia,B0I3
沃樂,Pedro Liriano,B0F1
鐵砂掌,Joseph Slusaraki,B051
顏志中,NA,R066
保樂,Jose Parra,L0B9
武藤潤一郎,Muto Jun Ichiro,E0E1
艾伯格,Albert Bustillos,E068
奇戈,Robinson Checo,C044
前田克拓,Maeda Katsuhiro,B096
謝光勇,NA,B084
梅森,Chris Mason,A0A3
郝男多,Geraldo Guzman,W047
黃志龍,NA,R397
高敏靜,NA,R150
胡竣傑,NA,R060
丹尼,Danny Core,E0G5
孟雷迪,Meredith Sanford,E063
曾政雄,NA,C012
寶時捷,Marshall Boze,B057
羅銳,Andrew Lorraine,A085
邱國正,NA,W078
漢森,Breny Hansen,W019
顏政財,NA,R126
賈斯汀,Justin Thomas,L0N0
波特,Louis Pote,L0I5
金森隆浩,Kanamori Takahiro,L084
大偉,David Pavlas,E042
威霸,Clint Weibl,B0C9
金炯均,NA,B058
李斯特,Lester Strater,B016
神盾,Chris Seddon,A0E5
李偉,Ervin Rivera,T037
狄馬克,Mike DeMark,L0O9
傑樂米,Jeremy Hill,G095
耐森,Nathan Long,E0M3
強斯頓,Joe Johnston,D071
波拉斯,Brian Burres,A0C2
菲利浦,Paul Phillips,A0B9
小桧山雅仁,Kohiyama Masahito,W085
羅伯森,Jeriome Robertson,L0H5
林登,Douglas Linton,L0F0
米克森,Lincoln Mikelsen,L043
李豪,Cecilio Guante,L000
哈特曼,Peter Hartman,E089
卡瑞亞,Jose Correa,E078
派克,Joe Petcka,D068
克拉帝,Victor Garate,B0I4
強克,Juan Morillo,B0H4
泰霸,Mitchell R. Talbot,A0E1
趙威,Fredrick Dabney,T074
蕭宇奇,NA,R507
曹錦輝,TSAO Chin Hui,R506
潘忠孝,NA,R157
愛力克,Eric Cyr,L0G9
王坤堯,NA,L0C0
克蘭頓,Mike McClendon,E0L2
麥克,Mike Smith,E0H4
莊宏亮,NA,E0E5
李查,Richard Olevier,E0A0
郝恩,Heath Haynes,D084
孟憲政,NA,A019
有働克也,Udo Katsuya,W063
凱瑞,Kerry Knox,W015
韓勝成,NA,W010
捷猛士,James Lira,G086
布拉克,Blas Cedeno,E0E9
馬丁尼,Gomez Martinez,E0D3
吉爾,Gil Perez,D074
馬克,Mark Zappeli,C063
阿沙力,Ernesto Barraze,W071
溫克龍,Kenneth Winkle,L076
松永幸男,Matsunaga Yukio,L073
奧斯汀,James Austin,D069
李仲弘,NA,D019
劉榮華,LIU Jung Hua,B018
艾肯,Mitch Atkins,A0E6
寶力多,Carlos Polido,T084
中井伸之,Nakai Nobuyuki,T010
俠客,Charles Wanke,L072
安狄,Andy van Hekken,G098
寇迪,Chris Cody,E0K5
岡薩雷茲,Luis Gonzalez,E0J0
尼克,Nick Bierbrodt,E0F6
金德七,Kim Duck Chil,D0A1
何利西,Mike Iglesias,D099
邁可,Mike Pitz,D059
捷銳,Gary Eave,C048
芝草宇宙,Shibakusa Hiroshi,B0D7
克林頓,Clinton Hosford,B0C2
富蘭克林,Jack Franklin,B055
蔡家宏,NA,A047
沙拉登,Miguel Saladin,W0E5
荷西,Jose Solarte,W022
肯尼,Kenny Marrero,T0A9
凱力,William R.Kelly,L0O3
葛雷,Gregory Wiltshire,L0I3
雷米茲,Luis Ramirez,L0A7
史密斯,Chuck Smith,L074
潘韋辰,NA,E0L6
科龍,Roman Colon,E0K2
凱斯,Keith Shepherd,E070
亞力克,Alec Asher,005254
奧斯丁,Austin Bibens-Dirkx,004820
史帝夫,Steve Smyth,W0D5
喬登,Ricardo Jordan,W081
凱力,Gary Haught,T0B3
威利,Francusco Gonzales,T062
尤清韋,NA,R115
達斯汀,Dustin Crenshaw,L0O4
克里斯,Chris Gissell,L0I9
陳冠儒,NA,H199
田家安,NA,G062
巴比,Bobby Munoz,G029
霸龍,Pablo Reyes,D086
鈴木健,Suzuki Ken,C021
雷卡多,Ricardo Rodriguez,B0F2
威勇,Billy Sylvester,B0D3
銳爾登,Cory Riordan,A0E7
猛雷特,Roydrick Merritt,A0D0
河本羅柏特,Kawamoto Robert,A0C4
恩洛德,Nerio Rodriguez,A060
林士欽,NA,A049
知念広弥,Chinen Kohya,004620
神龍,NA,W0C8
摩爾,Ben Moore,PH17
桑奇斯,Jesus Sanchez,L0J8
布萊恩,Brian Reith,L0I1
威森,John Frascatore,L0D5
哈山,Jesus Hernandez,L059
陳炫琦,NA,L056
大德,Todd Erdos,E0F3
武德曼,Harold Woodman,E0E0
牛復興,NA,E010
葛文,Garvin Alston,D0A0
帝猛,Glenn Disman,B091
艾巴勒,Adam Butler,B081
柯林頓,Clinton Smith,B030
鈴木誠,Suzuki Makoto,A087
韋德,Wade Travis,A055
畢可,Greg Bicknell,A026
雅哥,John Acosta,A024
安智輝,NA,A004
赫猛,Casey Harman,005257
全家福,Rafael Valdez,T0B9
陸磊,Maximo Nunez,L0D2
郭文居,NA,L0D0
布萊德,Nathan Bland,G0A6
安立奎,Leovildo Pargas,G0A3
塔尼,Jose Paniagua,G079
胡立歐,Julio Perez,E0A3
柯特,Kurt Peltzer,E053
馬克,Matt Torra,B0H3
鄭余亮,NA,A074
馬奎茲,Robert Marquez,A035
鄭志強,NA,W0D0
山力哥,Erneto Santiago,W067
賀福來,Efrain Valdez,W043
康迪,Argenis Conde,T056
馬力斯,Douglas Mathis,L0N2
格林,Ryan Glynn,L0K3
米奇,Mickey Callaway,L0J0
瑞琦,Ricky Stone,L0I6
米那亞,Edwin Minaya,L0G6
馬歇爾,Ernesto Nieves,L092
包威,John Barfield,L042
雷霸龍,Willy Lebron,G0A7
湯尼,Ramon Pena,E0K9
桑契斯,Romulo Sanchez,E0K6
派瑞克,Bronswell Patrick,E0E4
大衛,David Rosario,E095
胡力安,Julian Zasquez,E082
格梅斯,Francisco Gamez,D093
豪野,Javier DelaHoya,D083
川島堅,Kawashima Ken,C034
竹清剛治,Takekiyo Kouji,B0D4
新楓康,Melquiades Rojas,B0B4
馬修,Randy Marshall,B053
杜拉克,Scot Drucker,A0B2
入来智,Iriki Satoshi,A038
蘇立偉,NA,A005
冠猛,Matthew Grimes,005253
亞力士,Alexander Herrera,W0E0
丹尼,Danny Harriger,W0B1
克力,Stephen Curry,T058
秘力,John Miglio,T043
邁克爾,Seth Etherton,L0K4
威力,Willie Collazo,L0J6
安曼多,Armando Valdez,L0B0
凌森,Brinson Arden,L044
海克特,Hector Almonte,G0A8
歐文,NA,E0M1
賈羅拉加,Armando Galarraga,E0K3
陳興昌,NA,E0C7
白坂勝史,Shirasaka Katsushi,E0B0
格雷,Greg Matthew,D050
福哥,Francisco Rosa,C024
麥克,Michael Tejera,B0F8
克隆尼,Michael Connolly,B0E3
樂米,Hector Ramirez,B0B6
林朝揚,NA,B089
明星,Patrick Misch,A0E8
賈希亞,Ramon Garcia,A0E4
狄納多,Leonard DiNardo,A0B7
奔薩,Adrian Burnside,A0B0
霍格斯,Jose Vargas,A053
史密斯,Greg Smith,z106
賈西亞,Rafael Garcia,W0C2
顏暉弦,NA,W087
由你卡,Javier Samboy,W072
駱拿得,Ronald Caridad,W066
華司,Vasquez Deaza,T050
義凡,Evan MacLane,L0L9
安東尼,Eric Wordekemper,L0K9
福來,Cesar Jimenes,L052
鄭佳銘,NA,H371
派特,Pat Ahearne,G096
拉米瑞茲,Ramirez Enrique,G067
威廉斯,Shad Williams,G036
布萊文斯,Bobby Blevins,E0L1
高米茲,NA,E0I7
陳世斌,NA,E0D2
羅威力,Vance Lovelace,E037
強森,William Johnson,D043
哈里士,Reglnald Harris,D040
安士堡,Brandley Arnsberg,D024
史密斯,Ryan Rowland-Smith,B0I8
片山文男,Katayama Fumio,B0E1
金勇,Aquiles Sera,B0B2
麥克,Michael Mimbs,B073
里昂,Elcilio Leon,B040
飛銳,Anthony Fiore,A071
小吉龍,Isabel Giron,W0B8
華力,Walter Wally,T049
李杜宏,NA,T034
艾力,Alex Sanchez,T021
吳俊逸,NA,R563
黃俊欽,NA,R553
曾保羅,NA,R535
將軍,John Halama,L0K2
韓森,Hansel Izquierdo,L0H7
馬吉力,NA,L0F9
奇門士,Miguel Jimenez,L096
艾帝一,Ediberto Oropesa,L094
葉福榮,NA,L058
潘尼亞,Jesus Pena,G033
薛伯特,Shayne Bennett,G027
銳力,Rick Teasley,E0N0
艾迪,Eddy Candelario,E0F4
安東尼,Felix Antonio,E0A9
阿力奇,Bracho Arriech,E0A1
哈威爾,Javier Cruz,D0A6
李威,Oscar Rivera,D0A4
寶龍,Baltazar Mesa,D098
魔力龍,Santiago Morilo,D095
坎諾特,Joe Cnote,D077
吉福,Michael Guiffuyle,D075
李奇,Richard Thompson,D028
蔡旭峰,NA,C017
潘力,Hassan Pena,B0J6
尼克,Nick Green,B0H7
鐵木真,Timothy Young,B0B1
肯尼,William Kenneth,B007
亞力士,Jonathan Arias,A0E3
冰奇,Matthew Beech,A058
德瑞克,Derrick Van Dusen,W0E3
矢野正之,Yano Masayuki,W062
高天笑,Gaudencio Agnirre,W054
柏林登,Benjamin Burlingame,W039
葉多力,Ettles Edward,W014
足利豊,Yutaga Ashigawa,T0B6
阿諾,Aaron Acosta,T0A3
麥達斯,Angel Miranda,T0A1
天寶,Mark Tranberg,T078
狄福,Charles Devereux,T061
塗永樑,NA,T030
黃思漢,NA,R646
陳偉建,NA,R147
林紹凱,NA,R092
羅納得,Ronald Bay,L0L3
韋恩,Wayne Franklin,L0I0
比爾,Bill Pulsipher,L0H3
路易士,Luis Arroyo,L0C6
賀南多,Fernando dela Cruz,L0B8
金濟斌,Kim Jebin,G091
羅伯特,Robert Averett,G088
萊恩斯,Michael Lyons,G060
麥克,Michael Marchesano,G028
康崔拉斯,Jose Contreras,E0L4
索普,Tracy Thorpe,E0I0
昂斯,Nic Ungs,E0G3
史考特,Scott Fredrickon,E062
威廉,Jeff Williams,E058
陳俊傑,NA,D088
馬提茲,Anastacio Martínez,B0F0
夏威茲,Wilton Chavez,B0E6
艾比盈,Matthew Apana,B080
金鐘國,Kim Jong Guk,B025
尤猛,Shane Youman,A0B3
馬丁尼茲,Gustavo Martinez,A064
尹景熙,Yun Gyong Hee,A027
喬登,Taylor Jordan,004631
博德,Bradley Purcell,W0C4
邏逤,Rusty Meacham,W0B0
部坂俊之,Hesaka Toshiyuki,W096
吳潤岩,NA,W094
銳奇,Dave Rithards,T0B8
曾琮萱,NA,R673
鄧志永,NA,R454
畢爾,William R.W. Murphy,L0M6
拿狄,Randy Keisler,L0L6
馬丁尼茲,Eulogio De La Cruz,L0L2
成本年秀,Narimoto Toshinide,L0F2
豪傑,Jose Tapia,L071
佐藤秀樹,Sato Hideki,G064
卡洛斯,Carlos Montane,G042
李文斯頓,Robert Livingston,E0J3
伊代野貴照,Iyono Takateru,E0H2
布萊恩,Brian Rodaway,E0E8
威倫,Saul Valenzuela,D0A5
賀林,Hollinger Adrian,D070
小川宗直,Kogawa Munenao,D034
班尼,Juan Pena,B0G2
格林,Lindsay Gulin,B0F6
麥迪生,Kieran Mattison,B0E7
沃斯,Jeffrey Farnsworth,B0E5
鄭閔韓,NA,B0C8
銳克,Randy Leek,A082
曼尼,David Manning,A045
金東鎬,Kim Jong Ho,A028
班華德,Travis Banwart,005480
史考特,Scott Sobkowiak,W0D1
范野速,Juan Alvarez,W075
豪帥,Jeffrey Pierce,T075
大地,Stanley Tarutis,T041
帝孟,Timothy Delgado,T024
泰倫斯,Terance Marin,L0P0
大衛,David Purcey,L0N1
李韋斯,Amaury Rivas,L0M8
黃靖幃,NA,L0L7
王志忠,NA,L0C9
羅克,Cario Dela,L078
雷蒙,Ramon Manon,L077
阿格多,Aguedo Vasquez,L051
聖地牙哥,Jose Santiago,G087
費南德茲,Fernando Hernandez,G078
山崎友和,Yamazaki Tomokazu,G065
艾瓦多,Giancarlo Alvarado,G053
賀南德茲,Jose Hernardez,G038
龐德,Edward Ponte,E092
布朗,Clingon Brown,E090
克雷格,Craig Lewis,E086
葛希,Miguel Garcia,E050
法拉茲,Francisco Oliveras,E045
菊地原毅,Kikuchihara Tsuyoshi,C049
大瑞,Pascual Perez,C041
麥力戈,Scott McGregor,B0K2
哈維爾,Javier Martinez,B0G3
凱特,Bradley Guy,B0C3
黑拔都,Geraldo Padua,B0C1
喬葛來,George Glinatsis,B082
邁能,Zach Miner,A0D8
捍力士,Ty'Relle Harris,A0C6
史奈德,Benjamin Snyder,A0C3
酷力,Bryan Corey,A0B4
戰銳龍,Victor Zambrano,A0A1
多猛,Thomas Dorminy,005520
凱撒,Julio Cesar,W074
石力夫,Steve Penko,W021
拿坡里,Alfonso Osuna,T091
薛富中,NA,T087
賀斯,Jose Centeno,T086
特雷斯,Dario Torres,T085
聖多士,Heary Santes,T079
賀西,Jose Lara,T052
馬卡龍,Michael McClung,L0L5
戴爾,Ryan Edell,L0L0
羅倫佐,Valerio de los Santos,L0J2
愛倫,Aaron Fultz,L0I8
亞當,Brian Adams,L0I4
崔勒,Leo Estrella,L0G3
萬能,Julio Manon,L0F8
金猛,Benjamin Sampson,L0E5
雷諾,Todd Rizzo,L0E2
龍瑞,Israel Lomeli,L0C7
長紅,Kevin Wickander,L053
愛德華,Todd Edaward,L048
潘庭豐,NA,H250
韋伯,John Webb,G0A9
羅德,Jose Rodriguez,G094
里拉,Felip Lira,G048
羅培茲,Juan Lopez,G026
悍德,Donovan Hand,E0L9
史帝夫,Steve Kent,E0G4
大衛,David Glick,E0G0
今井圭吾,Imai Keigo,E0D1
奧斯卡,Oscar Abreu,E0A7
阿奇力,Aguilis Cerade,E087
梅薩,Matthew Maysey,D064
古登,Gordon Farmer,D014
池田郁夫,Ikeda Ikuo,C064
裘恩,Juan Duran,C052
美樂,Steve Stowell,C009
威迪,Valdee Efrain,C004
奇威,Franklin Nunez,B0F3
康明斯,Jeremy Cummings,B0E2
甘炳勳,NA,B039
希爾法,Jose Silva,A0A0
米勒,Josh Miller,A098
馬帝茲,Luis Martinez,A080
猛克,Hector Mercado,A079
艾銳達,Horacio Estrada,A077
力拿,Elvin Nina,A057
費加洛,Juan Figueroa,W0A0
李麥克,Derek Hasselhoff,W099
馬力足,James Andrew,W065
洛基,Wilfredo Rodriguez,W020
特力,Terry Rosenkranz,T042
何寬揚,NA,R388
王英山,NA,R311
凱斯特,Tinothy Kester,L0H0
石川雅実,Ishikawa Masami,L0E1
許克勤,Mark Grant,L063
保羅,Paul Weichard,G0A4
卡馬爾,Emil Kamar,G037
巴拉德,Michael Ballard,E0J6
菲力普,Phillip Barzilla,E0I4
法蘭西,Francisco Campo,E0B3
伍森,Kerry Woodson,E0A8
理查,Richard Linares,E091
黃榮貴,NA,E048
弗雷特,Fred Costello,E013
拉法葉,Rafael Rivera,D097
飛克,Charles Joseph Fick JR,B0J0
艾力克,Eric Junge,B0F7
飛雷,Yorkin Ferreras,B0E0
好楓康,Gustavo Lopez,B0A9
泰勇,Maximo Repolado,B0A8
摩塔,Daniel Mota,B0A0
魔登,Kevin Morton,B037
小島圭市,Kojima Keiichi,B008
坎諾,Jonathan Cannon,A084
巴克斯,Martin Vargas,A070
林宗緯,NA,z105
克里斯,Chris Mowday,W0F1
李俊,Lee Jun,W0B2
阿諾,James Arnold,W0A5
丹尼,Dan Serafini,W091
莊旻哲,NA,W079
阿格西,Robert Acosta,W017
法拉利,Wallace Ritchie,T096
洪邦政,NA,T080
張立帆,NA,L0M2
馬力,Oswaldo Mairena,L0E6
捷豹,Manny Aybar,L0E3
葛瑞,Dennis Gray,L067
王杰,Raul Catedral,L061
陳衍瑞,NA,H375
麥克,Mike Crudale,G0A5
瓦茲,Milvio Cuevas,G082
比克,Kevin Pickford,G074
席瓦,Tiago Silva,G061
拓霸,Angel Tovar,G055
奇戈,Delvis Pacheco,G047
尚恩,Shaun Garceau,E0L3
卡雷洛,Cesar Carrillo,E0I9
中村隼人,Nakamura Hayato,E0F2
巴帝斯,Travis Steven,E0D7
邱信邦,NA,E0C6
麥克,Miguel Garcia,E0B2
安東尼奧,Ramon Atonio,E083
雷蒙,Ramon Garcia,E040
鮑勃,Robert Moore,D057
摩爾,Brandley Moore,D056
坎倍斯,Fidel Compres,D025
古滋曼,Johany Gozman,D018
克拉馬,Randy Kramer,C042
羅賓,Robbin Dale,C031
英克,Jesse English,B0H2
萬建榮,NA,B092
王嘉誠,NA,A0B5
派克,Zachary Parker,A0A2
銳猛,Josmir Romero,A078
藍迪,Randi Mallard,A025
卡文,Calvin Chipperfield,A023
喬帥,Josue Matos,W0F0
艾斯巴達,Gary Espadas,W0B7
邏迓,Rigoberto Loya,W0B4
拉飛爾,Rafael Medina,W090
宮下大輔,MiyashitaI Daisuke,T0B1
高明,Kevin Coffman,T044
黃劉清,NA,R619
陳彥銘,NA,R154
王韋仁,NA,R135
胡軒溢,NA,R062
郭力瑋,NA,L0N9
史帝文生,Stezenson Agosto,L0D3
史密茲,Willie Smith,L093
楊格,Ray Young,L049
陳世龍,NA,L045
司大德,Scott Diez,L040
卜瑞生,Vladimir Perez,L034
傑森,Martin Janzen,G052
野村貴仁,Nomura Takahito,G045
金京泰,Kim Kyung Tae,G034
崔東進,Choi Dong Jin,G032
默菲,Ryan Murphy,E0H9
凱斯,Keith Ramsey,E0G7
安德魯,Andre Simpson,E0F8
鍾宇政,NA,E0C0
克瑞,Alfredo Arias,E0B1
馬修,Matther Murray,E069
麥克,Mike Roesler,E055
弗蘭克,Franc Campos,E014
羅曼,Manuel Roman,C059
雷歐,Sendy Rleal,B0F5
